{
	"BASE_URL": "",
	"EMAIL": "",
	"PASSWORD": "",
	"id": "fd286cb3-5c95-4b0e-b843-56bc058a7713",
	"title": "Elements selection",
	"module": "xml",
	"owner": "JuezLTI Erasmus+",
	"keywords": [
		"XPATH XML"
	],
	"type": "BLANK_SHEET",
	"event": "",
	"platform": "",
	"difficulty": "EASY",
	"status": "PUBLISHED",
	"timeout": 0,
	"programmingLanguages": [
		"[]"
	],
	"created_at": "2021-09-30T13:31:05.731Z",
	"updated_at": "2021-09-30T14:22:13.787Z",
	"skeletons": [],
	"skeletons_contents": {},
	"author": "anonymous"
}